Final Equity,Max Drawdown (%),Total Commission Paid (USD)
-22644249.82747334,34149.036384554885,299783.1964541522
